evaluation,generation,hypervolume
0,0,0.0308430326062
1,0,0.0357918810618
2,0,0.0376353513168
3,0,0.0376499612359
4,0,0.0376502260774
5,0,0.037664610324
6,0,0.0377087753183
7,0,0.039773573738
8,0,0.0411136522504
9,0,0.0428565327692
10,0,0.0429843226768
11,0,0.0430692526477
13,0,0.0431996827703
14,0,0.043254121672
15,0,0.0437392541856
17,0,0.0437683880595
18,0,0.0437998808109
19,0,0.043829961569
20,0,0.0457935008072
21,0,0.0458012630919
22,0,0.0460547667692
23,0,0.0463526647009
24,0,0.0463562814184
26,0,0.0475347674484
27,0,0.0475353677342
32,0,0.0475353758339
33,0,0.0475353942208
36,0,0.0475404352935
37,0,0.0475406643467
38,0,0.0475520056409
39,0,0.047631601392
40,0,0.0476316058248
42,0,0.0476507296294
43,0,0.0476520058515
44,0,0.0476555465045
45,0,0.0476581214076
47,0,0.0481210781917
48,0,0.0481681153902
49,0,0.0482109487847
50,0,0.0512377234844
51,0,0.0512413644532
54,0,0.0514526835862
58,0,0.0515142196225
59,0,0.0515183752516
60,1,0.051520946928
62,1,0.0515241214055
63,1,0.051586708505
67,1,0.0522159238365
68,1,0.0522160502206
70,2,0.0522261908696
71,2,0.0522318494853
74,2,0.0522975325505
76,2,0.0523418442033
77,2,0.0523418584106
83,3,0.0523634824933
84,3,0.0523646749067
85,3,0.0523646760286
88,3,0.0523664411724
90,4,0.0523689991159
92,4,0.0524088225261
93,4,0.0524088229915
94,4,0.0524160362451
95,4,0.052554766804
99,4,0.0525570611502
100,5,0.0525623776096
102,5,0.0525631317791
104,5,0.0525631320112
106,5,0.0530661048069
107,5,0.0530663100761
108,5,0.0530666842585
111,6,0.053072046649
114,6,0.053076332191
118,6,0.0530764718456
119,6,0.0531201092354
121,7,0.0532167427617
124,7,0.0532292713127
127,7,0.0532292741052
128,7,0.0532294334434
137,8,0.0532309645168
139,8,0.0532314219369
140,9,0.0532719135739
141,9,0.0532731914661
147,9,0.0532747361894
148,9,0.0532747406933
149,9,0.0532750894378
150,10,0.0532751594574
151,10,0.0532764063825
154,10,0.0532821583786
155,10,0.0532867950678
157,10,0.0532868015934
158,10,0.0532868023203
160,11,0.0532868124895
162,11,0.0535844648678
163,11,0.053615294583
171,12,0.0536153509165
173,12,0.0536153544239
182,13,0.053615743899
183,13,0.0536248266495
188,13,0.0536255123998
190,14,0.0537333072076
191,14,0.0537333172264
194,14,0.0537357448686
195,14,0.0538061149243
196,14,0.0538546027304
199,14,0.0538558172863
200,15,0.0545434899967
201,15,0.054546408903
206,15,0.0545488297742
207,15,0.0545505058206
208,15,0.0545561990727
210,16,0.0545562280788
217,16,0.0553208629953
221,17,0.055413969693
222,17,0.055414019383
224,17,0.055495822973
226,17,0.0554958240532
228,17,0.0554958293989
230,18,0.055495898499
234,18,0.0554958985018
239,18,0.0555097856159
241,19,0.0555115001585
257,20,0.0555116014038
258,20,0.055511673194
262,21,0.0555122447653
263,21,0.0555123020413
269,21,0.0555123315278
271,22,0.0555172753366
273,22,0.0555262507736
280,23,0.0555262525201
284,23,0.0555300632906
286,23,0.0555735348004
289,23,0.055573964916
291,24,0.0555741433299
294,24,0.0555741488179
296,24,0.0555741489459
300,25,0.0555755115809
304,25,0.0555756103716
305,25,0.0555809699473
307,25,0.0555879323015
317,26,0.055590848979
319,26,0.0555908514427
332,28,0.0556024068622
334,28,0.0556172994936
337,28,0.055636175888
339,28,0.055636210919
340,29,0.0556742546746
344,29,0.0556844533795
346,29,0.0561635881113
347,29,0.0561640334014
351,30,0.0561726219983
370,32,0.056229917235
376,32,0.0562794203678
385,33,0.0562871547676
387,33,0.0562871547702
389,33,0.0562902633309
399,34,0.0562903634982
404,35,0.0565052965308
414,36,0.0565053502863
417,36,0.0565053503081
421,37,0.0565054752635
423,37,0.0565054752775
428,37,0.0565115495007
434,38,0.0565116561162
437,38,0.0565163680152
438,38,0.0565327925395
443,39,0.0565349614906
448,39,0.0565666478166
455,40,0.0565666487053
462,41,0.0565669733774
468,41,0.05656703777
472,42,0.0566522916923
481,43,0.0567072317674
485,43,0.0567072406913
487,43,0.0567072407605
489,43,0.0567080813535
492,44,0.0567080875084
500,45,0.0567096433826
514,46,0.0567100517839
518,46,0.0567100554419
519,46,0.0567116293193
524,47,0.0567118479818
530,48,0.0567236577231
537,48,0.0567336162317
541,49,0.0567344373572
547,49,0.0567984527931
548,49,0.0567985042871
562,51,0.0567991891007
576,52,0.0568100586928
577,52,0.0568100590461
586,53,0.0577007580108
589,53,0.0577015279399
590,54,0.0577103943068
601,55,0.0577936597588
604,55,0.0577938465534
609,55,0.0577938469862
611,56,0.0577951193007
614,56,0.0580269924949
620,57,0.0580339763963
622,57,0.0580340071701
624,57,0.0580340090655
626,57,0.0580748717294
634,58,0.0580758079026
638,58,0.0580770329096
651,60,0.0580771081989
678,62,0.0581185345115
683,63,0.0584064197809
684,63,0.0586318239387
690,64,0.0586318435302
693,64,0.0586320960486
699,64,0.0586359432679
700,65,0.0586359440549
707,65,0.0586359548632
713,66,0.0586361253409
733,68,0.0586535199695
735,68,0.05865352963
740,69,0.0586535306987
761,71,0.0586625946728
765,71,0.05866891743
769,71,0.0586719119914
770,72,0.0586728894463
773,72,0.0586838888461
777,72,0.0586838906218
780,73,0.0587661162816
787,73,0.0587661271844
789,73,0.0587661271929
800,75,0.0587661675179
801,75,0.058770692776
805,75,0.058770696572
830,78,0.0587707136916
831,78,0.0587707236773
832,78,0.0587707607862
852,80,0.0587709383741
859,80,0.0587904094111
861,81,0.0587904125159
864,81,0.0587904270288
865,81,0.0587918253795
871,82,0.0587920858868
884,83,0.058792085985
899,84,0.0587920860291
914,86,0.0587921018932
922,87,0.0587921379943
931,88,0.0588524813419
934,88,0.0588540136341
935,88,0.0588540159302
942,89,0.0593238231518
950,90,0.0593238231623
959,90,0.059328724364
960,91,0.0593288035925
961,91,0.059328804441
964,91,0.059328804664
967,91,0.0593288046653
974,92,0.0593288050722
984,93,0.0594211707259
985,93,0.0594213986564
988,93,0.0594214456637
997,94,0.0594216227723
1002,95,0.0594216498032
1039,98,0.0594267709191
1040,99,0.0594293799905
1041,99,0.0594293799967
1042,99,0.0594293802863
1046,99,0.0594295112423
1051,100,0.0594296113774
1059,100,0.0594296148479
1066,101,0.0594301443173
1074,102,0.0594301513319
1082,103,0.0594362473627
1086,103,0.0605199942883
1088,103,0.0605199956338
1104,105,0.0605230663083
1107,105,0.0605372968587
1111,106,0.060551804081
1113,106,0.0605521012849
1118,106,0.0605529622725
1127,107,0.0618608191607
1136,108,0.0618613901596
1143,109,0.0618613939178
1145,109,0.0618614064997
1149,109,0.0618793440982
1156,110,0.0618933369056
1159,110,0.0618933539846
1162,111,0.0618988347053
1167,111,0.0618989246341
1174,112,0.0618989246751
1175,112,0.0618989246752
1178,112,0.0618990191225
1183,113,0.0618992216202
1184,113,0.0619640739559
1197,114,0.062000542309
1224,117,0.0620015237546
1233,118,0.0620022561332
1240,119,0.0620022732846
1251,120,0.0620022750141
1252,120,0.0620027307793
1263,121,0.0620069892052
1274,122,0.0620069893368
1280,123,0.0620070074866
1282,123,0.0620070221598
1283,123,0.0620095762655
1285,123,0.0620096315879
1290,124,0.0620096315884
1295,124,0.0620097710633
1303,125,0.0620098035129
1315,126,0.0620098231318
1319,126,0.0620106871601
1337,128,0.062010690887
1341,129,0.0620163343715
1346,129,0.0620163683065
1368,131,0.0620229347032
1379,132,0.062022937058
1386,133,0.0620229370617
1387,133,0.0620245423687
1390,134,0.062025051241
1399,134,0.0620319847828
1400,135,0.06203891743
1412,136,0.062039538049
1413,136,0.0620395388654
1416,136,0.0620395434107
1427,137,0.0620399334849
1439,138,0.0620414958578
1442,139,0.0620787472486
1463,141,0.0620787480019
1473,142,0.0620810002545
1474,142,0.0620810002599
1491,144,0.0620810005385
1492,144,0.0620810015292
1504,145,0.062081008284
1509,145,0.062081035227
1513,146,0.0620810359515
1516,146,0.0620956847646
1532,148,0.062099914232
1538,148,0.0621038481081
1545,149,0.062120492282
1557,150,0.062120556679
1559,150,0.0621205593113
1567,151,0.0621213645861
1571,152,0.0621213717999
1583,153,0.0621247312193
1584,153,0.0621247596995
1632,158,0.0621247603335
1641,159,0.0621247603964
1643,159,0.0621249753104
1651,160,0.0621249761449
1655,160,0.0621249854315
1666,161,0.0621249890558
1669,161,0.0621250015801
1673,162,0.062139517469
1674,162,0.0621427852049
1675,162,0.0621648741797
1708,165,0.0621648742176
1710,166,0.0621648742258
1713,166,0.0621718263225
1716,166,0.0621718281238
1720,167,0.0621723109436
1726,167,0.0621730254191
1729,167,0.0621738617276
1734,168,0.0621738621052
1749,169,0.0621769265041
1756,170,0.0629089838801
1763,171,0.0629090059646
1765,171,0.0629090066818
1774,172,0.062909071169
1775,172,0.0629265778177
1781,173,0.062926581136
1782,173,0.0629265815102
1783,173,0.0629265815155
1793,174,0.0629265815373
1798,174,0.0629265815384
1799,174,0.0629265820217
1812,176,0.0629266151531
1813,176,0.0629266152288
1839,178,0.0629273685854
1842,179,0.0629273685881
1856,180,0.0629273886357
1858,180,0.0629274147957
1870,182,0.0629274320171
1871,182,0.0629368196997
1887,183,0.0629414105498
1889,183,0.062968270415
1895,184,0.0629690032102
1899,184,0.0629752447751
1901,185,0.06297524574
1941,189,0.0629754485002
1957,190,0.0629754595975
1972,192,0.062975459862
1973,192,0.0629784720609
1980,193,0.0629784720609
1981,193,0.0629784720838
2011,196,0.0629946842976
2029,197,0.0629960283307
2041,199,0.0629960353158
2043,199,0.0629960413588
2054,200,0.0629961113142
2065,201,0.062996111318
2066,201,0.0630032007756
2068,201,0.063003200795
2070,202,0.0630038987075
2071,202,0.0630039106732
2074,202,0.0630118338914
2076,202,0.0630139609042
2078,202,0.0630139719814
2080,203,0.0630167046837
2085,203,0.0634167927463
2100,205,0.0634172609717
2130,208,0.0634172611505
2131,208,0.0634173829281
2161,211,0.0634193343821
2170,212,0.0634193354874
2174,212,0.0634193354874
2177,212,0.06341939026
2179,212,0.0634193913251
2180,213,0.0634193913257
2182,213,0.0634201854344
2192,214,0.0634201855827
2196,214,0.0634201858573
2203,215,0.0634202052998
2213,216,0.0634217290932
2214,216,0.0634217292931
2218,216,0.0634249271766
2222,217,0.063424939008
2225,217,0.0634249677836
2246,219,0.0634249677868
2264,221,0.0634249680815
2279,222,0.0634249681423
2297,224,0.0634250612506
2328,227,0.0634461636493
2330,228,0.063570322392
2331,228,0.063570345893
2335,228,0.0635742618207
2345,229,0.0635747168575
2354,230,0.0635750442906
2359,230,0.0635763878185
2368,231,0.0635770884391
2380,233,0.0635770901736
2431,238,0.0635770901738
2444,239,0.0635770943072
2458,240,0.0635771103047
2468,241,0.0635771103255
2489,243,0.0635771103623
2495,244,0.0635774284628
2552,250,0.0635778109456
2554,250,0.0635778279573
2566,251,0.0635778327216
2572,252,0.0635779849003
2615,256,0.063578060341
2630,258,0.063578223557
2639,258,0.0635875211539
2679,262,0.0635877819667
2685,263,0.0635877819763
2699,264,0.0635884057927
2707,265,0.0635884068641
2721,267,0.0635884068775
2732,268,0.0635884075953
2738,268,0.0635885407699
2748,269,0.0635885407764
2754,270,0.0635885502476
2765,271,0.0635887868767
2787,273,0.0636416179334
2791,274,0.063643162251
2793,274,0.0636446843776
2802,275,0.0636448252578
2821,277,0.0636448252649
2840,279,0.063644874811
2846,279,0.0636448787021
2884,283,0.0636448795109
2886,283,0.0636476904744
2894,284,0.0636476923491
2898,284,0.0636476940244
2903,285,0.0636477245862
2909,285,0.0636477654069
2919,286,0.0637307757498
2926,287,0.0637307789342
2935,288,0.0637314381323
2939,288,0.0637337283648
2942,289,0.0637337319568
2943,289,0.063944981608
2946,289,0.0639449816534
2949,289,0.0639449841003
2955,290,0.0639449849744
2966,291,0.0639450135669
2970,292,0.0639451055459
2972,292,0.0639708596312
3000,295,0.0639708597726
3023,297,0.0639708693674
3025,297,0.0639709653542
3041,299,0.0639747620264
3087,303,0.0640116851999
3092,304,0.0640117675931
3147,309,0.0640127344176
3151,310,0.0640145382402
3153,310,0.0640145383059
3154,310,0.0640145423256
3173,312,0.064016165082
3177,312,0.0640161653393
3215,316,0.0640164514177
3231,318,0.0640164514205
3232,318,0.0640166271485
3239,318,0.0640242087389
3249,319,0.0640441516996
3270,322,0.0640441523017
3271,322,0.0640441928862
3272,322,0.0640441964284
3279,322,0.0640452967059
3285,323,0.0640453045123
3290,324,0.0640453329759
3292,324,0.0640453635607
3313,326,0.0640453789616
3340,329,0.0640454018893
3349,329,0.0640454018936
3390,334,0.0640459261982
3394,334,0.0640473762919
3401,335,0.0640473796484
3410,336,0.0641433793698
3444,339,0.0641433829481
3446,339,0.0641433829827
3479,342,0.064143382983
3494,344,0.0641443467342
3498,344,0.064144350047
3506,345,0.0641443500489
3507,345,0.0641446365018
3570,352,0.0641446385517
3575,352,0.0641446392844
3607,355,0.0641626859732
3610,356,0.0641626890778
3619,356,0.0641724771921
3622,357,0.0641724830771
3654,360,0.0641743428693
3669,361,0.0641744421998
3684,363,0.0641744422674
3694,364,0.0641744558182
3703,365,0.0641745915453
3706,365,0.0641745916
3714,366,0.0641745916091
3722,367,0.0641745925731
3723,367,0.0641747276498
3730,368,0.0641747299882
3760,371,0.0641748461952
3764,371,0.064174846204
3770,372,0.0641774767765
3798,374,0.0641774770895
3829,377,0.0641774991606
3830,378,0.0641774992586
3833,378,0.0642667865206
3851,380,0.0642668589322
3864,381,0.0642668598635
3880,383,0.0642668799398
3917,386,0.0642668799415
3924,387,0.0642669104661
3942,389,0.0642669126011
3946,389,0.064266912665
3956,390,0.0643060822378
3998,394,0.0643060935477
4018,396,0.0643060935506
4022,397,0.0643061012801
4027,397,0.0643061228795
4034,398,0.0643558074902
4082,403,0.0643558075188
4085,403,0.0643558087349
4095,404,0.0643558087405
4109,405,0.0643569864767
4117,406,0.0643569865338
4142,409,0.0643587059976
4145,409,0.0643587065123
4146,409,0.0644059438795
4168,411,0.0644253358651
4171,412,0.0644253370412
4176,412,0.064425337079
4214,416,0.0644254085635
4221,417,0.0644254093118
4238,418,0.0644254094667
4249,419,0.0644255021139
4276,422,0.0644255122127
4311,426,0.0644255233588
4330,428,0.0644279637885
4333,428,0.0644368252586
4346,429,0.0644388811564
4357,430,0.0644440113051
4369,431,0.0644440114313
4389,433,0.0644440215511
4409,435,0.0644440282368
4423,437,0.0644675357599
4424,437,0.0644675392814
4450,440,0.0644699616247
4464,441,0.0644706285947
4478,442,0.0644713182841
4483,443,0.0644882192283
4498,444,0.0644932385802
4516,446,0.0644933383844
4555,450,0.0644933724886
4566,451,0.0644933732052
4567,451,0.0644937237204
4569,451,0.0644937241497
4581,453,0.0644937516924
4588,453,0.0644954214668
4613,456,0.0644960472608
4628,457,0.0644960472671
4655,460,0.0644974319015
4656,460,0.06449743282
4661,461,0.06449757104
4663,461,0.0644975711078
4698,464,0.0644976027196
4699,464,0.0644986308946
4705,465,0.064498630896
4748,469,0.0644988056731
4757,470,0.0644988057128
4771,472,0.0644988667073
4772,472,0.0644988702514
4774,472,0.0644988703236
4787,473,0.0644989025195
4794,474,0.0644990049875
4798,474,0.0644990053665
4809,475,0.0644990054244
4815,476,0.0644990054314
4827,477,0.0644990055684
4833,478,0.0646558077834
4836,478,0.0646558324262
4864,481,0.0646558707172
4871,482,0.0646560105406
4881,483,0.0646594658602
4896,484,0.0646594904604
4897,484,0.0646595022882
4901,485,0.064659503927
4908,485,0.0646599554385
4910,486,0.0646599555978
4919,486,0.0646599556969
4922,487,0.0646599690284
4926,487,0.0646599731171
4940,489,0.0646599748079
4958,490,0.0646599748933
4974,492,0.0646889453172
4985,493,0.0646889455538
5025,497,0.0646889531232
5034,498,0.0651493179901
5063,501,0.0651493749692
5076,502,0.0651493880956
5083,503,0.0651495428274
5095,504,0.0651496221974
5099,504,0.065150324097
5151,510,0.0651503246793
5178,512,0.0651562911987
5198,514,0.0651562977658
5213,516,0.0651563071418
5221,517,0.065156388845
5229,517,0.0651563888456
5230,518,0.0651564302008
5246,519,0.0651564380246
5249,519,0.0651568949143
5285,523,0.0651569056863
5306,525,0.0651586930958
5309,525,0.0651587018195
5312,526,0.0651587070611
5321,527,0.065158707075
5324,527,0.0651816675729
5346,529,0.0663691978652
5364,531,0.066369310281
5371,532,0.0663693102816
5381,533,0.0663694617546
5382,533,0.0663694655361
5383,533,0.0663694790319
5394,534,0.0663694818803
5416,536,0.0663699245115
5425,537,0.0663779735391
5429,537,0.0663792849246
5439,538,0.0663793035488
5452,540,0.0663812256423
5456,540,0.0663812481715
5464,541,0.0663812482616
5473,542,0.0663812533829
5483,543,0.0663813773034
5532,548,0.0663814806591
5538,548,0.0663814944594
5590,554,0.0663814944612
5592,554,0.0663814944793
5613,556,0.0663821610714
5628,557,0.0663821986552
5642,559,0.0663826857715
5649,559,0.066382773317
5681,563,0.0663828830207
5720,567,0.0663831476314
5723,567,0.0663832193998
5759,570,0.0663832194013
5760,571,0.0663864554524
5773,572,0.0663864566791
5799,574,0.0663864568875
5801,575,0.0663865465084
5815,576,0.0663934758687
5823,577,0.0663934813123
5844,579,0.0663934813595
5852,580,0.0663934813841
5861,581,0.0663934817086
5870,582,0.066393537768
5887,583,0.0663948342919
5898,584,0.0664156049381
5947,589,0.0664161757867
5956,590,0.0664161904825
5983,593,0.0664161933599
5995,594,0.0664161992393
6033,598,0.0664162050528
6038,598,0.0664163008361
6053,600,0.0664163768103
6082,603,0.0664163951271
6095,604,0.0664163954172
6143,609,0.0664163954197
6150,610,0.0664163969637
6176,612,0.0664163992125
6203,615,0.066416399214
6213,616,0.0664164969014
6214,616,0.0664342095201
6233,618,0.0664351684861
6264,621,0.0664353287014
6266,621,0.0664353293446
6289,623,0.066435329364
6299,624,0.0664353295565
6314,626,0.0664354197583
6322,627,0.0664354197887
6337,628,0.0664355006575
6359,630,0.0664355007568
6372,632,0.0664355014228
6389,633,0.0664355016371
6413,636,0.0664366198516
6432,638,0.066436619858
6452,640,0.0664366235839
6467,641,0.0664366325443
6488,643,0.0664366326971
6516,646,0.0664366542566
6541,649,0.0664387949066
6551,650,0.0664396999053
6567,651,0.0664397001234
6588,653,0.0664397001315
6593,654,0.0664457768928
6602,655,0.0664457769042
6613,656,0.0664458960397
6630,658,0.0664458960442
6657,660,0.0664463818447
6660,661,0.0664463820855
6732,668,0.0664506297614
6742,669,0.0664506440958
6746,669,0.0664506822749
6757,670,0.0664546627163
6768,671,0.066454898002
6771,672,0.066454898505
6789,673,0.0664548986429
6794,674,0.0664548993311
6804,675,0.0664549003176
6842,679,0.0664549012342
6882,683,0.0664549013788
6898,684,0.0664549013998
6912,686,0.0664549096415
6919,686,0.0664549192228
6922,687,0.0664549192232
6924,687,0.0664549193569
6966,691,0.0664549358234
6969,691,0.0664646723462
6997,694,0.0664650711925
7015,696,0.0664650718263
7017,696,0.0664650739838
7019,696,0.0664717837552
7044,699,0.0664717838003
7081,703,0.0664717838008
7089,703,0.066471783837
7090,704,0.0664719505238
7103,705,0.0664719506726
7112,706,0.0664759400158
7119,706,0.0664759696517
7125,707,0.0664759800109
7140,709,0.0664760008517
7141,709,0.0664760008644
7150,710,0.0664760012575
7153,710,0.0664763679632
7179,712,0.0664763680123
7239,718,0.0664763682064
7240,719,0.0664911084648
7254,720,0.0664911360111
7282,723,0.0664911670058
7308,725,0.0664911675133
7318,726,0.0665089521009
7322,727,0.0665089526853
7372,732,0.0665104268199
7407,735,0.0665104268206
7433,738,0.0665104268539
7461,741,0.066512155707
7473,742,0.0665165185212
7525,747,0.0665387408103
7530,748,0.0665518766516
7558,750,0.066551876675
7574,752,0.0665518801293
7579,752,0.0665551526547
7583,753,0.0665857904017
7588,753,0.066586169715
7608,755,0.066586169715
7622,757,0.0665885681908
7628,757,0.0665885785504
7634,758,0.0665964666081
7669,761,0.0665964685072
7696,764,0.0665966612545
7699,764,0.0665966999966
7709,765,0.0665967000264
7730,768,0.0665991621138
7793,774,0.0665993019443
7805,775,0.0665993026196
7807,775,0.0665993026224
7813,776,0.0665995643808
7858,780,0.0665995652524
7887,783,0.0665995743686
7899,784,0.0665995749342
7905,785,0.0665997149565
7922,787,0.0666023763039
7934,788,0.0666023859677
7947,789,0.0666023875392
7951,790,0.0666024992668
7954,790,0.0666026170593
7962,791,0.0666028367669
7967,791,0.066602843508
7975,792,0.0666028435454
7976,792,0.0666132772559
7995,794,0.0666132891535
8022,797,0.066613289238
8042,799,0.0666161427065
8043,799,0.0666161853789
8074,802,0.0666161853792
8093,804,0.0666163111784
8104,805,0.0666163175995
8106,805,0.066616355149
8107,805,0.0666163551798
8138,808,0.0666163552616
8139,808,0.0666163554981
8148,809,0.0666654323548
8153,810,0.066665769466
8158,810,0.0666657702469
8166,811,0.0666664096545
8169,811,0.0666664145303
8172,812,0.0666683536465
8180,813,0.066668353658
8183,813,0.066668355596
8199,814,0.0666812260591
8229,817,0.066681227101
8249,819,0.0666831152403
8264,821,0.0666831157459
8285,823,0.0666831167828
8297,824,0.0666842438917
8311,826,0.0666897970155
8314,826,0.0666897999992
8336,828,0.06669307925
8345,829,0.0667070852262
8353,830,0.0667079119791
8355,830,0.0667079120044
8378,832,0.0667079120748
8448,839,0.0667079120766
8462,841,0.0667079122058
8484,843,0.0667079145683
8486,843,0.0667079205251
8508,845,0.0667079310424
8518,846,0.0667079310865
8520,847,0.0667266689866
8535,848,0.066736690672
8555,850,0.0667375055475
8601,855,0.0667375055479
8605,855,0.06673770422
8638,858,0.0667383405792
8667,861,0.0667391572964
8674,862,0.066761561786
8710,866,0.0667616704538
8750,870,0.0667616704743
8809,875,0.0667616707224
8833,878,0.0667616715639
8844,879,0.0667616744062
8881,883,0.0667616747219
8895,884,0.0667617849309
8896,884,0.0667620799353
8975,892,0.0667620808947
8978,892,0.0667620817806
8997,894,0.0667829558654
9027,897,0.0667830437568
9043,899,0.0667883724289
9087,903,0.0667884074617
9122,907,0.0667885248071
9124,907,0.0667886773901
9166,911,0.0667890949198
9225,917,0.0668207804263
9252,920,0.0668207891745
9259,920,0.0668364022282
9308,925,0.0668364022305
9314,926,0.0668367362313
9323,927,0.0668371645828
9325,927,0.0668373043545
9329,927,0.066837304444
9345,929,0.0668373471982
9349,929,0.066837348271
9404,935,0.0668630292176
9412,936,0.0668630292369
9427,937,0.0668642506093
9456,940,0.0669153071917
9457,940,0.0669410260697
9465,941,0.0669410261169
9483,943,0.0669410261252
9520,947,0.0669412999802
9572,952,0.0669415586558
9584,953,0.0669453029978
9619,956,0.0669456281827
9645,959,0.0669456305532
9653,960,0.066945976978
9658,960,0.0669460824879
9673,962,0.0669985602437
9683,963,0.0670059068472
9686,963,0.0670067906936
9713,966,0.0673120997507
9735,968,0.067324606161
9739,968,0.06732461004
9798,974,0.0673902326615
9839,978,0.0673914965051
9872,982,0.067391973477
9891,984,0.067391973477
9900,985,0.0673947505736
9905,985,0.0673947761195
9940,989,0.0673998735644
10002,995,0.067399873567
10038,998,0.0673998743606
10039,998,0.0673998755102
10065,1001,0.0674005499951
10077,1002,0.0674005500269
10123,1007,0.0674005500275
10183,1013,0.0674005500279
10192,1014,0.0674005500714
10194,1014,0.0674005501415
10201,1015,0.0674005525663
10230,1018,0.0674005620375
10246,1019,0.0674008141755
10263,1021,0.0674008145664
10267,1021,0.0674089612856
10273,1022,0.0674089612864
10286,1023,0.0674089641166
10290,1024,0.0674091853393
10293,1024,0.0674092110476
10312,1026,0.0674092335807
10322,1027,0.0674092428195
10324,1027,0.0674092438897
10333,1028,0.0674092451752
10352,1030,0.0674092455845
10399,1034,0.0674217381101
10423,1037,0.0674217754496
10426,1037,0.0674217765029
10433,1038,0.0674217774965
10437,1038,0.0674353701911
10438,1038,0.0674353714899
10453,1040,0.0674354543167
10470,1042,0.0674370775346
10484,1043,0.0674372148365
10554,1050,0.0674372253499
10570,1052,0.0674376342964
10592,1054,0.0674376343116
10593,1054,0.0674414106422
10631,1058,0.0674433488454
10654,1060,0.0674433488489
10702,1065,0.0674449594082
10710,1066,0.0674451868832
10715,1066,0.0674452642422
10721,1067,0.0674452642464
10735,1068,0.0674453255444
10739,1068,0.0674453255556
10789,1073,0.0674453270778
10867,1081,0.0674453531756
10868,1081,0.0674454625903
10890,1084,0.0674455147305
10893,1084,0.0674455380291
10899,1084,0.0674455428
10980,1093,0.0674455428654
10999,1094,0.0674455995333
11001,1095,0.0674456008818
11073,1102,0.0674458988962
11078,1102,0.0674464029431
11112,1106,0.0674482463145
11248,1119,0.067448525573
11273,1122,0.0674588460796
11291,1124,0.0674589648871
11382,1133,0.0674589651475
11446,1139,0.0674590460452
11451,1140,0.0674601699675
11453,1140,0.0674602530213
11470,1142,0.0674602657418
11484,1143,0.0674602657927
11488,1143,0.0674702597961
11512,1146,0.0674765745479
11616,1156,0.0674766097349
11666,1161,0.0674766124359
11754,1170,0.0674766977666
11760,1171,0.0674766987036
11773,1172,0.067476698893
11775,1172,0.0675644831662
11783,1173,0.0676131346951
11862,1181,0.0676187335807
11875,1182,0.0676187338952
11890,1184,0.067618733906
11895,1184,0.0676187362371
11961,1191,0.0676187765113
12013,1196,0.0676187799063
12018,1196,0.0676187801881
12032,1198,0.0676190428856
12091,1204,0.0676191060104
12144,1209,0.0676193495949
12145,1209,0.0676219832834
12160,1211,0.067621983295
12176,1212,0.0676221281585
12220,1217,0.0676221281592
12234,1218,0.0676221281639
12247,1219,0.0676221306554
12291,1224,0.0676221306656
12307,1225,0.0676221306656
12309,1225,0.0676266024519
12318,1226,0.0676266025891
12326,1227,0.0676266025969
12327,1227,0.0676268025689
12335,1228,0.0676268025701
12379,1232,0.0676268034875
12463,1241,0.0676268035736
12524,1247,0.0676268254476
12556,1250,0.0676268653627
12572,1252,0.0676330382569
12594,1254,0.0676330382574
12620,1257,0.0676341504283
12670,1262,0.0676341504344
12673,1262,0.067634206535
12674,1262,0.0676342068707
12691,1264,0.0676553621769
12725,1267,0.0676553845433
12748,1269,0.067655396501
12754,1270,0.067656115461
12755,1270,0.0676561900752
12795,1274,0.0676566673456
12813,1276,0.067656667955
12838,1278,0.0676852105938
12891,1284,0.0676870898747
12895,1284,0.0676878989344
12934,1288,0.0676878989384
13033,1298,0.0676878999898
13070,1302,0.0676879014608
13119,1306,0.0676879014609
13178,1312,0.0676879726725
13209,1315,0.0676879726755
13244,1319,0.067687973274
13247,1319,0.0676879760891
13295,1324,0.067687982858
13296,1324,0.0676892143309
13309,1325,0.0676892143333
13340,1329,0.0676892143991
13343,1329,0.0676892144207
13355,1330,0.0676892144411
13357,1330,0.0676892894328
13431,1338,0.0677296074977
13467,1341,0.0677296334645
13473,1342,0.0677296412794
13501,1345,0.0677296412821
13515,1346,0.0677296413515
13520,1347,0.0677296413516
13532,1348,0.0677389980005
13622,1357,0.0677389980033
13656,1360,0.0677390090265
13680,1363,0.0677390092139
13681,1363,0.0677393230494
13714,1366,0.0677393984049
13727,1367,0.0677393984062
13734,1368,0.0677393994022
13741,1369,0.0677393994057
13768,1371,0.0677395204382
13774,1372,0.0677395276465
13777,1372,0.0677420907773
13782,1373,0.0677420907781
13786,1373,0.0677420916822
13817,1376,0.0677420979681
13839,1378,0.0677490393655
13854,1380,0.0677490393658
13869,1381,0.067762251324
13883,1383,0.0677622520587
13889,1383,0.0677633308053
13917,1386,0.0677633343933
13949,1389,0.0677633343949
13982,1393,0.067765242707
13993,1394,0.0677652427118
14025,1397,0.0677652427141
14026,1397,0.0677652427178
14052,1400,0.0677652429578
14057,1400,0.0677653781903
14064,1401,0.0677653790538
14068,1401,0.0677658041308
14091,1404,0.0677658044301
14102,1405,0.0677670773385
14106,1405,0.0677670800374
14140,1409,0.0677670815966
14159,1410,0.0677670815971
14167,1411,0.0677674015645
14179,1412,0.0677783150306
14198,1414,0.0677783150324
14208,1415,0.0677783150923
14240,1419,0.0677784229116
14336,1428,0.0677784271126
14337,1428,0.0677784397534
14353,1430,0.0677784397553
14458,1440,0.067778439807
14470,1442,0.0677784745094
14519,1446,0.0677787409877
14554,1450,0.0677789008365
14637,1458,0.0677790634218
14642,1459,0.067779157338
14678,1462,0.0677802429596
14689,1463,0.0677802481
14706,1465,0.0677802482946
14721,1467,0.0677802483012
14730,1468,0.0677802506219
14755,1470,0.06778025105
14812,1476,0.0677802566936
14835,1478,0.0677802654927
14845,1479,0.06778088253
14912,1486,0.0677808833659
14916,1486,0.0677808889715
14989,1493,0.0677808898408
15024,1497,0.0677808993852
15104,1505,0.0677830002346
15106,1505,0.0678288771792
15178,1512,0.0678364266387
15188,1513,0.0678364780523
15203,1515,0.0678364789846
15222,1517,0.0678366264142
15223,1517,0.0678367486636
15249,1519,0.0678367487076
15251,1520,0.067837033623
15269,1521,0.0678383451906
15416,1536,0.0678383475698
15419,1536,0.0678383637589
15423,1537,0.0681772152812
15432,1538,0.0681772403193
15454,1540,0.0681773428069
15500,1545,0.0681773846027
15501,1545,0.0681773846891
15540,1549,0.0681778911906
15584,1553,0.0681779803336
15625,1557,0.0681854118538
15629,1557,0.0681854164561
15680,1563,0.0681854164561
15718,1566,0.0681854164666
15732,1568,0.0681854356201
15760,1571,0.0681857537448
15863,1581,0.0681894188796
16008,1595,0.068193595708
16064,1601,0.0681937321316
16085,1603,0.0681952519348
16094,1604,0.0681952998687
16132,1608,0.0681952998773
16262,1621,0.068196010608
16316,1626,0.0681963951601
16324,1627,0.0682016755158
16390,1634,0.0682017582066
16444,1639,0.0682017582071
16458,1640,0.0682017582247
16474,1642,0.0682017613661
16501,1645,0.0682026277725
16612,1656,0.0682026473376
16668,1661,0.0682026480744
16714,1666,0.0682026485046
16795,1674,0.0682031338116
16829,1677,0.0682032687159
16835,1678,0.0682032687181
16913,1686,0.0682032705474
16932,1688,0.0682067766261
16938,1688,0.0682067771301
16956,1690,0.0682068001694
16964,1691,0.0682073788449
17072,1702,0.0682076109282
17077,1702,0.0682076116627
17104,1705,0.0682076140496
17295,1724,0.0682088873316
17315,1726,0.0682091115384
17341,1729,0.0682091132826
17441,1739,0.0682348703903
17490,1744,0.0682349098971
17492,1744,0.0682349930101
17567,1751,0.0682349978425
17666,1761,0.0682350289809
17674,1762,0.068235029004
17688,1763,0.0682350309034
17737,1768,0.0682450474444
17792,1774,0.0682450476817
17856,1780,0.0682453736289
17888,1783,0.0682565172642
17899,1784,0.0682565181065
17917,1786,0.0682565470625
17956,1790,0.0682565526188
17996,1794,0.0682565526196
18065,1801,0.0682565531119
18072,1802,0.0682592502992
18135,1808,0.0682592503016
18154,1810,0.0682592503724
18196,1814,0.0682592636684
18202,1815,0.0682598161475
18292,1824,0.0682598161763
18500,1845,0.0682598189575
18621,1857,0.0682602189428
18655,1860,0.0682602434545
18659,1860,0.0682602434581
18666,1861,0.0682602436187
18670,1862,0.0682602437688
18673,1862,0.0682602442708
18679,1862,0.0682603642502
18680,1863,0.0682617829753
18688,1863,0.0682618417703
18689,1863,0.0682618417712
18823,1877,0.0682871194298
18831,1878,0.0682871274197
18837,1878,0.0682871356015
18852,1880,0.068287531247
18885,1883,0.0682875381136
18995,1894,0.0682880062015
18999,1894,0.068288007004
19003,1895,0.0682880070198
19038,1898,0.0682881552677
19057,1900,0.0682882770556
19169,1911,0.0682882784993
19182,1913,0.0682882785801
19185,1913,0.0682882829612
19210,1916,0.0682912289414
19222,1917,0.0682912289415
19240,1919,0.0682912637012
19310,1926,0.0682913990993
19349,1929,0.0682913991183
19356,1930,0.0682920260756
19359,1930,0.068292042603
19376,1932,0.0682920627141
19392,1934,0.0682953131768
19393,1934,0.0682963693778
19396,1934,0.0683034941545
19420,1937,0.0683034965352
19466,1941,0.0685549436081
19482,1943,0.0685594259777
19511,1946,0.068559621471
19584,1953,0.0685752525161
19650,1960,0.0685753454905
19662,1961,0.0685755026172
19679,1962,0.0685755027114
19730,1968,0.0685755027795
19750,1970,0.0685756107118
19849,1979,0.0685756155217
19950,1990,0.0685882931155
19964,1991,0.0686747419319
19966,1991,0.0686748035703
19967,1991,0.0686751243449
20038,1998,0.0686753108518
20056,2000,0.0686762797212
20082,2003,0.0686762799706
20097,2004,0.0686762799726
20129,2007,0.0686762842171
20147,2009,0.0686762980867
20174,2012,0.0686762980905
20245,2019,0.0686763076327
20270,2022,0.0686768684532
20284,2023,0.0686770910313
20327,2027,0.0699211098955
20346,2029,0.0699225375812
20391,2034,0.0699226443
20469,2041,0.0699226445049
20528,2047,0.0699372020906
20672,2062,0.0699372095189
20676,2062,0.0699380346902
20685,2063,0.0699380414829
20754,2070,0.0699381809001
20875,2082,0.0699381815103
20972,2092,0.0699383073772
20974,2092,0.069946837478
21014,2096,0.0699468375461
21020,2097,0.0699933273476
21024,2097,0.0699933281815
21031,2098,0.0699938292641
21062,2101,0.069994197149
21070,2102,0.0699941975266
21091,2104,0.0699941978461
21149,2109,0.0699942153795
21155,2110,0.0699942362242
21157,2110,0.0699942380281
21312,2126,0.0699942382915
21316,2126,0.0699942382916
21340,2129,0.069994238292
21344,2129,0.0699943659205
21352,2130,0.0699943671938
21412,2136,0.0699943689054
21431,2138,0.0699943799313
21447,2139,0.0699943799824
21498,2144,0.0699943801022
21541,2149,0.0699997196524
21624,2157,0.0699997196596
21740,2169,0.0699997196872
21750,2170,0.0699997198339
21760,2171,0.0699997962824
21961,2191,0.0699997962824
22023,2197,0.0699998123617
22030,2198,0.0699998123693
22160,2211,0.0699998124803
22232,2218,0.0700004508741
22246,2219,0.0700004508781
22259,2220,0.0700011754941
22265,2221,0.0700011754956
22283,2223,0.0700011794023
22300,2225,0.0700027244059
22316,2226,0.0700030643735
22360,2231,0.0700030643848
22365,2231,0.0700030648605
22444,2239,0.0700030660416
22493,2244,0.0700031505672
22511,2246,0.0700032243274
22518,2246,0.0700032243803
22525,2247,0.0700032630356
22526,2247,0.0700032630373
22572,2252,0.0700032690851
22587,2253,0.0700034351964
22633,2258,0.0700034354934
22638,2258,0.0700034355166
22699,2264,0.0700034432216
22714,2266,0.070003486439
22718,2266,0.0700185914778
22762,2271,0.0700185918188
22854,2280,0.070018600127
22951,2290,0.0700186002021
22957,2290,0.0700186004159
22961,2291,0.070019400066
22983,2293,0.0700226130614
23003,2295,0.0700226430889
23025,2297,0.0707117518237
23031,2298,0.0707117578738
23054,2300,0.0707118835315
23063,2301,0.0707118835383
23131,2308,0.0707118856402
23160,2311,0.0707119210937
23178,2312,0.0707183196416
23246,2319,0.0707183211743
23255,2320,0.0707185405378
23268,2321,0.070718545903
23318,2326,0.0707185471443
23389,2333,0.0707188609068
23402,2335,0.0707188906005
23445,2339,0.0707188910369
23465,2341,0.0707188910421
23472,2342,0.0707188915842
23494,2344,0.0707188915894
23597,2354,0.0707191636306
23617,2356,0.0707192527536
23618,2356,0.0707192592327
23725,2367,0.0707192726485
23757,2370,0.0707203441722
23764,2371,0.0707221413788
23783,2373,0.0707222015058
23791,2374,0.0707222019803
23806,2375,0.0707222035364
23814,2376,0.0707224198835
23816,2376,0.0707230079352
23863,2381,0.0707230095511
23866,2381,0.0707230129914
23959,2390,0.0707230173959
24004,2395,0.0707336130466
24012,2396,0.0707336331787
24091,2404,0.0707336332887
24198,2414,0.0707345236356
24211,2416,0.0707345243522
24232,2418,0.070734533496
24234,2418,0.0707345334961
24250,2420,0.0707345334962
24305,2425,0.0707463376633
24318,2426,0.0707465162847
24341,2429,0.0707465162876
24397,2434,0.0707804396851
24483,2443,0.070780756968
24504,2445,0.0709944272014
24544,2449,0.0710211787076
24555,2450,0.0710211791233
24563,2451,0.071021179154
24606,2455,0.071021179795
24649,2459,0.0721935209914
24651,2460,0.0721935430352
24664,2461,0.0721935433989
24759,2470,0.072193551046
24798,2474,0.0721935512905
24821,2477,0.0721939774201
24827,2477,0.0721942053735
24909,2485,0.0721942210744
24996,2494,0.0721942212515
25029,2497,0.0721943369293
25044,2499,0.0721950790552
25077,2502,0.0721950808858
25128,2507,0.072195081725
25179,2512,0.0721951289075
25188,2513,0.0721951289075
25211,2516,0.0721957891996
25213,2516,0.0721957892751
25239,2518,0.0721958469665
25446,2539,0.0721958556429
25461,2541,0.0721958561954
25465,2541,0.0721963239224
25569,2551,0.0722031030985
25749,2569,0.0722032217951
25868,2581,0.0722032377252
25873,2582,0.0722120569404
25899,2584,0.0722120570116
25947,2589,0.0722120573985
25971,2592,0.072212061368
25998,2594,0.0722122269339
26008,2595,0.0722122952932
26025,2597,0.072212313841
26131,2608,0.0722123141724
26221,2617,0.0722131538491
26238,2618,0.0723933441606
26294,2624,0.072393351538
26537,2648,0.072393535749
26551,2650,0.0723935357496
26564,2651,0.0723946680331
26578,2652,0.072394673355
26616,2656,0.0723946917448
26621,2657,0.0723946917461
26723,2667,0.0723965105627
26731,2668,0.0724045167032
26784,2673,0.072404524154
26807,2675,0.0724074350009
26827,2677,0.07240746667
26848,2679,0.0724074671549
26901,2685,0.0724074690352
26923,2687,0.0724083883295
26934,2688,0.0724083889142
27000,2695,0.0724083889924
27023,2697,0.072408389005
27173,2712,0.0724084135235
27268,2721,0.0724159444617
27343,2729,0.0724159451298
27378,2732,0.0724160188402
27442,2739,0.0724160197853
27468,2741,0.0724160438512
27479,2742,0.0724250595241
27530,2748,0.0724250595522
27548,2749,0.0724250596539
27558,2750,0.0724250600484
27610,2756,0.0724250666751
27622,2757,0.0724250852392
27694,2764,0.072431049416
27732,2768,0.072431057024
27750,2770,0.0724311746497
27781,2773,0.0724407130478
27793,2774,0.0724407130488
27897,2784,0.0724407130585
27915,2786,0.072440719142
27921,2787,0.0724457110956
27929,2787,0.0724465039567
27954,2790,0.0724465041709
27955,2790,0.072446505102
28010,2796,0.0724465056444
28028,2797,0.0724465057986
28044,2799,0.0724465059298
28143,2809,0.0724465238305
28160,2811,0.0724465238436
28246,2819,0.0724465248017
28284,2823,0.0724465248023
28311,2826,0.0724465738615
28373,2832,0.0724465744122
28573,2852,0.0724465745366
28576,2852,0.0724465745852
28732,2868,0.0724465866144
28741,2869,0.0724465868367
28752,2870,0.0724465886167
28754,2870,0.0724466644555
28885,2883,0.0724466784723
28893,2884,0.0724466784804
28912,2886,0.0724466784804
28919,2886,0.0724602767768
28922,2887,0.0724602785301
29135,2908,0.0724602823206
29185,2913,0.0724602873364
29204,2915,0.0724603072793
29264,2921,0.0724603073042
29356,2930,0.0724603073096
29398,2934,0.072460307328
29490,2944,0.072460307328
29494,2944,0.0724606754392
29503,2945,0.0724611131574
29529,2947,0.0724617212117
29538,2948,0.072461737717
29598,2954,0.0724654036406
29625,2957,0.0724654072171
29704,2965,0.0724654086346
29750,2970,0.0724655820561
29755,2970,0.0724657544814
29763,2971,0.0724657544816
29850,2980,0.0724660075292
29908,2985,0.0724663488503
29941,2989,0.0724663490102
30131,3008,0.0724663490347
30189,3013,0.0724663615902
30195,3014,0.0724664032138
30226,3017,0.0724664482499
30258,3020,0.0724664485843
30264,3021,0.072466496634
30323,3027,0.0724664967517
30379,3032,0.0724664967592
30421,3037,0.0724664987222
30494,3044,0.0724670448517
30505,3045,0.0724670448527
30538,3048,0.0724675795586
30580,3053,0.0724675824613
30630,3058,0.0724699946554
30673,3062,0.0724700092485
30757,3070,0.0724702823553
30778,3072,0.0724702859985
30863,3081,0.0724702862267
30978,3092,0.0724703153709
31023,3097,0.0724703168158
31031,3098,0.072470434834
31118,3106,0.0724704350737
31122,3107,0.0724704547921
31166,3111,0.0724704571076
31231,3118,0.072470457108
31238,3118,0.0724704711208
31294,3124,0.0724709990223
31312,3126,0.072471020379
31377,3132,0.0724710295678
31448,3139,0.0724749572075
31513,3146,0.0724749572836
31682,3163,0.0724749608645
31687,3163,0.0724749611559
31731,3168,0.0724749614341
31746,3169,0.0724749614359
31901,3185,0.0724749616133
31996,3194,0.0724749616535
32183,3213,0.0724749616536
32409,3235,0.0724749618089
32532,3248,0.0724749675652
32556,3250,0.0724750460219
32597,3254,0.072475046082
32632,3258,0.072480349778
32656,3260,0.0724803505752
32716,3266,0.07248160129
32725,3267,0.0724816500921
32842,3279,0.0724820591857
32911,3286,0.0724825212029
32918,3286,0.0724825252865
32975,3292,0.0724866336956
33034,3298,0.0724872572855
33261,3321,0.0724872578287
33313,3326,0.0724872592019
33319,3326,0.0724872592107
33363,3331,0.0724872634108
33406,3335,0.072487278155
33521,3347,0.0724872857442
33575,3352,0.0724872857613
33625,3357,0.0724874686098
33631,3358,0.0724875947023
33657,3360,0.0724899737434
33681,3363,0.0725094757612
33706,3365,0.0725094757618
33775,3372,0.0725095338087
33805,3375,0.0725095338087
33952,3390,0.0725284920958
34018,3396,0.0725284921207
34057,3400,0.0725285280673
34173,3412,0.0725986140572
34251,3420,0.0726227539435
34325,3427,0.0726234680661
34417,3436,0.0726235338155
34418,3436,0.0726268422299
34520,3447,0.072627125731
34522,3447,0.072627126229
34604,3455,0.072627128102
34648,3459,0.0726283791872
34674,3462,0.0726283798281
34737,3468,0.0726283798303
34856,3480,0.0726283965868
34925,3487,0.0726284151074
34962,3491,0.0726284151658
34967,3491,0.0726308354027
34986,3493,0.0726308411633
34989,3493,0.0726314736139
35005,3495,0.0726315340276
35080,3503,0.0726315471838
35089,3503,0.0726315706196
35118,3506,0.0726503496228
35132,3508,0.0726524160845
35134,3508,0.0726524161265
35216,3516,0.0726524162706
35286,3523,0.072652416295
35301,3525,0.0726526607889
35350,3530,0.0726536284242
35497,3544,0.0726538146688
35626,3557,0.0726920626735
35670,3562,0.0726920663286
35740,3569,0.0726922507571
35763,3571,0.0726922513673
35765,3571,0.0726922785229
36038,3598,0.0726922797421
36212,3616,0.0726922799856
36230,3618,0.0729442527445
36387,3633,0.0729442559467
36500,3645,0.0729442606332
36533,3648,0.0729444037848
36690,3664,0.0729446168508
36783,3673,0.0729446181576
36802,3675,0.0729446206758
36933,3688,0.072944627423
36943,3689,0.0729446274243
37002,3695,0.0729664354182
37062,3701,0.0729856868148
37074,3702,0.0729856868259
37084,3703,0.0729856868259
37113,3706,0.0729856868343
37193,3714,0.0729856868377
37198,3714,0.072985686838
37209,3715,0.0730062043595
37233,3718,0.0730094261807
37251,3720,0.0730094263799
37324,3727,0.0730094359639
37354,3730,0.0730094723882
37386,3733,0.0730095651031
37397,3734,0.0730098969977
37460,3741,0.0730109787043
37577,3752,0.0730109787271
37631,3758,0.0730109788864
37684,3763,0.0730109843087
37727,3767,0.0730109845686
37760,3771,0.0730510184223
37767,3771,0.073051019185
37807,3775,0.073051019212
38001,3795,0.0730510504646
38055,3800,0.0730510511564
38110,3806,0.073051087212
38202,3815,0.0730510932363
38222,3817,0.0730510932371
38277,3822,0.0731518010823
38317,3826,0.0731540953708
38374,3832,0.0731540953718
38375,3832,0.0731543016263
38385,3833,0.0731543020319
38432,3838,0.0731561743095
38461,3841,0.0731561748021
38496,3844,0.0731562117807
38508,3845,0.0731562191207
38617,3856,0.0731562194159
38646,3859,0.0731562199857
38662,3861,0.0731624836411
38688,3863,0.0731624839159
38693,3864,0.0731624839262
38697,3864,0.073162548756
38737,3868,0.0731625522985
38740,3869,0.0731625759735
38830,3878,0.0731626183206
38950,3890,0.073162618321
39009,3895,0.0731626183863
39058,3900,0.0731631260693
39059,3900,0.0731631260695
39060,3901,0.0731631261759
39188,3913,0.0731897040351
39230,3918,0.073189999604
39274,3922,0.0731901144459
39369,3931,0.0731903687991
39575,3952,0.0731903690213
39581,3953,0.0731903866731
39620,3957,0.0731909136601
39632,3958,0.0731909985117
39673,3962,0.0731909985432
39705,3965,0.0731909985436
39732,3968,0.0731909986837
39734,3968,0.0731909987075
39790,3974,0.0731909987347
39818,3976,0.0731910019593
39984,3993,0.0731910166025
40024,3997,0.0731910166143
40090,4004,0.073191016615
40166,4011,0.0731910176932
40185,4013,0.0731910177045
40264,4021,0.0731910177719
40364,4031,0.0731910178299
40487,4043,0.0731943286577
40526,4047,0.0731943287098
40541,4049,0.0731943327918
40575,4052,0.0731943329485
40605,4055,0.0731943335215
40639,4058,0.0731945187822
40645,4059,0.0731945548081
40704,4065,0.0731945644654
40728,4067,0.0731945645315
40780,4073,0.0731945654979
40839,4078,0.0732181610184
40922,4087,0.0732182289628
41078,4102,0.0732191790958
41131,4108,0.0732200327937
41159,4110,0.0732229220973
41331,4128,0.073222922099
41367,4131,0.0732229259325
41432,4138,0.0732229260559
41644,4159,0.0732229274532
41791,4174,0.0732232731544
41805,4175,0.0732232761182
41856,4180,0.073225093509
41923,4187,0.0732274258754
41984,4193,0.0732277683677
42032,4198,0.0732277683684
42045,4199,0.0732277684656
42202,4215,0.0732283065656
42228,4217,0.0732283089023
42274,4222,0.0732283468034
42291,4224,0.0732286277237
42339,4228,0.0732316136654
42383,4233,0.073231615577
42395,4234,0.0732316171156
42497,4244,0.0732317670875
42599,4254,0.0732317675644
42730,4268,0.0732317799692
42744,4269,0.0732317802695
42747,4269,0.0732317806938
42753,4270,0.0732317807137
42858,4280,0.0732318276916
42905,4285,0.0732318279585
42930,4288,0.0732318287213
42936,4288,0.0732318302809
43131,4308,0.0732318397573
43161,4311,0.0732318481635
43216,4316,0.0732318552643
43248,4319,0.0732319100382
43271,4322,0.0732319133113
43348,4329,0.0732321937742
43596,4354,0.0732322015442
43636,4358,0.073232240751
43656,4360,0.0732337594755
43657,4360,0.0732400723059
43710,4366,0.0732404588179
43746,4369,0.0732404588272
43777,4372,0.0732407141005
43805,4375,0.0732419292876
43830,4378,0.0732524468582
43936,4388,0.0732524570982
43955,4390,0.0732526930775
43981,4393,0.0732526932243
44077,4402,0.0733212593168
44188,4413,0.0733212596153
44194,4414,0.0733212600676
44212,4416,0.0733212600864
44314,4426,0.0733212601265
44460,4441,0.0733212715447
44520,4447,0.0733215889488
44607,4455,0.0733218322265
44637,4458,0.0733218325697
44682,4463,0.0733218325792
44693,4464,0.0733218325999
44707,4465,0.0733219864064
44716,4466,0.0733219875098
44728,4467,0.0733360660592
44764,4471,0.0733444542819
44787,4473,0.0733444545668
44807,4475,0.0733548697291
45110,4506,0.0733548709454
45144,4509,0.073366227898
45329,4527,0.0733662375794
45394,4534,0.0733673125512
45541,4549,0.0733675352151
45549,4549,0.0733676839577
45562,4551,0.0733676844316
45896,4584,0.0733678984614
45944,4589,0.0733704516926
46055,4600,0.0733712256729
46066,4601,0.0733712256745
46078,4602,0.0733712879996
46084,4603,0.0733712880047
46178,4612,0.0733716739779
46214,4616,0.0733716809962
46243,4619,0.0733716959823
46510,4646,0.0733716975568
46580,4653,0.073371699619
46777,4672,0.0733719842514
47127,4707,0.0733719845894
47225,4717,0.0733722934728
47231,4718,0.0733727110149
47287,4723,0.0733727234304
47299,4724,0.0733749469132
47371,4732,0.0733749733838
47385,4733,0.0733749756444
47434,4738,0.0733749756462
47475,4742,0.0733749776587
47592,4754,0.0733749776974
47651,4760,0.0733934225456
47662,4761,0.0733941009105
47666,4761,0.0733941013499
47691,4764,0.0735841880571
47747,4769,0.0735841881881
47768,4771,0.0735841881896
47769,4771,0.0735841962834
47805,4775,0.0735841970214
47925,4787,0.0735843654165
47969,4791,0.0735848250435
47985,4793,0.073584825044
48115,4806,0.0735854490822
48155,4810,0.0735854497283
48156,4810,0.073585450939
48211,4816,0.0735854520231
48242,4819,0.0735854521865
48252,4820,0.0735854521871
48284,4823,0.0735854522748
48349,4829,0.0735896349466
48353,4830,0.0735896399553
48436,4838,0.0735896892924
48453,4840,0.0735896919009
48473,4842,0.0735896945965
48477,4842,0.0735897073093
48552,4850,0.0735897073471
48596,4854,0.0735897139817
48602,4855,0.073589719801
48663,4861,0.0735897240488
48675,4862,0.0735970967177
48771,4872,0.0735970979619
48795,4874,0.0735970983635
48960,4891,0.0735971188434
49003,4895,0.0735971191584
49055,4900,0.0735971191787
49087,4903,0.0735982725386
49089,4903,0.0735982727717
49097,4904,0.0735982806108
49237,4918,0.0735986921287
49267,4921,0.0735987001099
49269,4921,0.0735987421652
49298,4924,0.0735988893194
49313,4926,0.073602717041
49423,4937,0.0736027185649
49497,4944,0.0736030861651
49544,4949,0.0736031305231
49553,4950,0.0736031318004
49555,4950,0.0736031340315
49583,4953,0.0736031340466
49591,4954,0.0736031615675
49660,4961,0.0736031723721
49669,4961,0.0736031766958
49688,4963,0.0736140795946
49830,4978,0.0736140872599
49903,4985,0.0736140971156
50076,5002,0.0736140971316
50120,5007,0.0736174106777
50138,5008,0.0736174106778
50149,5009,0.0736175044688
50377,5032,0.0736175166986
50624,5057,0.0736175353791
50681,5063,0.0736175370801
50691,5064,0.0736181227868
50788,5073,0.0736181242373
50831,5078,0.0736186473452
50864,5081,0.0736186473522
50897,5084,0.0736195996579
50938,5088,0.0736201447207
50973,5092,0.0736602434736
51108,5105,0.0736602521504
51214,5116,0.0736602521616
51316,5126,0.0736607946977
51381,5133,0.0736607998142
51409,5135,0.073660799967
51519,5146,0.0736608011584
51600,5155,0.0736608106231
51731,5168,0.0736608118271
51977,5192,0.0736608118278
52039,5198,0.0736608407927
52067,5201,0.0736608413706
52091,5204,0.0736609228496
52162,5211,0.07366105346
52168,5211,0.0736610555603
52296,5224,0.0736610564851
52364,5231,0.0736610696067
52438,5238,0.0736610906248
52776,5272,0.0736610932334
52784,5273,0.0736611110903
52791,5274,0.0736613087341
52863,5281,0.0736613089296
52901,5285,0.0736613093249
52920,5287,0.0736613093399
52929,5287,0.0736613352811
53065,5301,0.0736613923274
53106,5305,0.0736614396441
53206,5315,0.0736615764851
53247,5319,0.0736615764922
53300,5325,0.0736615772
53366,5331,0.0736776876424
53432,5338,0.0736776876433
53500,5345,0.0736791600406
53597,5354,0.0736791600555
53644,5359,0.0736791964716
53894,5384,0.0736792243066
53952,5390,0.0736792272313
54193,5414,0.0736792277505
54287,5423,0.0736792295503
54334,5428,0.0736792295503
54357,5430,0.0736792295508
54384,5433,0.0736843023252
54449,5439,0.0736844552096
54499,5444,0.0736844555823
54732,5468,0.0736845595282
54811,5476,0.0736845614223
54950,5490,0.0736847475027
55054,5500,0.0736855504138
55206,5515,0.0738224748737
55253,5520,0.073822474876
55303,5525,0.0738225762751
55393,5534,0.0738226466819
55426,5537,0.0738226765133
55664,5561,0.0738227782221
55752,5570,0.0738227939077
55770,5572,0.0738228980335
55775,5572,0.0738228986123
55841,5579,0.0738260428038
56199,5614,0.0738260428039
56247,5619,0.073828597581
56426,5637,0.073828597696
56585,5653,0.0738285980525
56678,5662,0.07382946034
56875,5682,0.0738295066404
56910,5686,0.0738295066404
56940,5689,0.073829784685
57008,5695,0.0738307644922
57031,5698,0.0738307739181
57106,5705,0.0738317462064
57280,5723,0.0738317462094
57295,5724,0.0738317462337
57327,5727,0.0738318014302
57370,5732,0.0738318343429
57376,5732,0.0738318384048
57532,5748,0.073832244493
57622,5757,0.0738322444931
57700,5765,0.0738322965616
57788,5773,0.0738323001653
57791,5774,0.0738334849421
57931,5788,0.073833484948
58124,5807,0.0738334849588
58195,5814,0.0738336326405
58208,5815,0.073833632674
58420,5837,0.0738336326746
58434,5838,0.0738336328021
58577,5852,0.0738336722344
58622,5857,0.0738336722366
58643,5859,0.0738336725403
58757,5870,0.0738336732154
58875,5882,0.073833874583
59039,5898,0.0738338745832
59100,5905,0.0738338964723
59172,5912,0.0738378480444
59278,5922,0.0738378481558
59300,5925,0.0738378550686
59344,5929,0.0738378550788
59353,5930,0.0738378551161
59655,5960,0.0738382436585
59784,5973,0.0738382436729
59820,5977,0.0738384969571
59832,5978,0.0738384970415
59844,5979,0.0738384971346
59923,5987,0.0738385047523
59942,5989,0.0738385048393
59949,5989,0.0738385067012
60004,5995,0.0738391519204
60029,5997,0.0738391816862
60255,6020,0.073839182868
60264,6021,0.0738393409839
60297,6024,0.0738393795134
60313,6026,0.0738393809196
60346,6029,0.0738393812187
60369,6031,0.073839418855
60375,6032,0.0738585816248
60411,6036,0.073858581635
60752,6070,0.0738588000284
60783,6073,0.0738588008776
60892,6084,0.0738588160128
60923,6087,0.0738588460218
60953,6090,0.0738588921358
61370,6132,0.073858892246
61485,6143,0.0738589133209
61600,6155,0.0738589133221
61622,6157,0.0738589285995
61722,6167,0.0738589492778
62030,6198,0.0738603350017
62131,6208,0.0738609408928
62185,6213,0.0738629003218
62269,6221,0.0738629088767
62285,6223,0.0739328258342
62427,6237,0.0739328258342
62437,6238,0.0739328541677
62608,6255,0.0739328542416
62686,6263,0.0739328545261
62693,6264,0.073933036523
62702,6265,0.0739331048911
62722,6267,0.0739331052827
62961,6291,0.0739331075555
63036,6298,0.0739372955423
63137,6308,0.0739374756124
63480,6343,0.0739375641159
63791,6374,0.0739386349129
63832,6378,0.0739438571313
63896,6384,0.0739438573693
63909,6385,0.0739439431376
63953,6390,0.0739440455062
64158,6410,0.0739440529356
64221,6417,0.0739440529421
64275,6422,0.0739440529455
64352,6430,0.0739440529461
64396,6434,0.0750272022237
64398,6434,0.0750275225906
64447,6439,0.0750276630576
64541,6449,0.0750276934392
64645,6459,0.0750276966963
64652,6460,0.0750278778837
64746,6469,0.0750282619667
64749,6469,0.0750283152407
64790,6474,0.0750283152428
64929,6487,0.0750283744372
64991,6494,0.0750284745904
65338,6528,0.0750427087196
65388,6533,0.0750431975524
65533,6548,0.0750432018722
65566,6551,0.075043415268
65576,6552,0.0750434796487
65678,6562,0.0750434797272
65798,6574,0.0750434798033
65843,6579,0.0750434858455
65881,6583,0.0750436434336
65962,6591,0.0750436479719
66130,6608,0.0750490421032
66139,6608,0.0750490422479
66297,6624,0.0750490423038
66501,6645,0.0750662037992
66608,6655,0.0750662293566
66645,6659,0.0750662293651
66737,6668,0.0750709222138
66763,6671,0.0750709225359
66881,6683,0.0750709225412
66944,6689,0.0750709225438
67204,6715,0.0750709280713
67210,6716,0.0750709848322
67241,6719,0.0750709947552
67278,6722,0.0750710109418
67333,6728,0.0750710338712
67377,6732,0.0750710383119
67598,6754,0.0750710403138
67932,6788,0.075095668777
67945,6789,0.0750956687876
67978,6792,0.0750956688487
67996,6794,0.0750962447724
68247,6819,0.0750962447733
68269,6821,0.0750962548638
68460,6841,0.0750963024215
68517,6846,0.0750963061982
68706,6865,0.0750963062023
68833,6878,0.075096308026
68894,6884,0.0751134611474
69301,6925,0.0751137449223
69499,6944,0.0751137449315
69637,6958,0.0751138622805
69687,6963,0.0751140740796
69838,6978,0.0751141650453
69878,6982,0.0751142561809
70025,6997,0.07511426743
70059,7000,0.0751143782694
70069,7001,0.0751144107375
70144,7009,0.0751144108066
70185,7013,0.0751144263763
70357,7030,0.0751144267475
70407,7035,0.0751247947283
70450,7040,0.0751247951584
70475,7042,0.0751700302695
70569,7051,0.0751700425618
70921,7087,0.0751700426399
70927,7087,0.0751701696254
70942,7089,0.0751701696261
71213,7116,0.0751701697697
71281,7123,0.0751701725062
71315,7126,0.0751799997966
71435,7138,0.0751799998713
71446,7139,0.0751802376733
71628,7157,0.0751802671505
71640,7159,0.0751806785886
71705,7165,0.075180678662
71726,7167,0.0751806786621
71811,7176,0.0751806794141
71815,7176,0.0751814946841
71845,7179,0.0751913678526
71858,7180,0.0751932294382
71987,7193,0.0751932294526
72121,7207,0.0751932498884
72217,7216,0.0751953026094
72338,7228,0.0751953722188
72515,7246,0.0751953749811
72522,7247,0.0751953759851
72544,7249,0.0751953759926
72555,7250,0.0751955092918
72571,7252,0.0751955092919
72781,7273,0.0751955140068
72789,7273,0.0751955212179
72923,7287,0.0751960290799
72937,7288,0.0751960545373
73126,7307,0.0751961225291
73216,7316,0.0751961939173
73232,7318,0.0751962297801
73388,7333,0.0751963712563
73480,7343,0.0751963712571
73483,7343,0.0751963712585
73638,7358,0.0751973236421
73657,7360,0.0751973236452
73776,7372,0.0751973260354
73831,7378,0.0751973297447
73876,7382,0.0751982891507
73966,7391,0.0751982916789
74058,7400,0.0751982930596
74274,7422,0.0751983543369
74285,7423,0.0751983549312
74293,7424,0.0751983955005
74295,7424,0.0751983967513
74319,7426,0.075199100521
74388,7433,0.0751991005718
74424,7437,0.0751991921662
74457,7440,0.0751991922114
74599,7454,0.0751992796239
74670,7462,0.0752661540363
74854,7480,0.075266154103
74964,7491,0.0752661541032
75186,7513,0.0752662559515
75264,7521,0.0753183097239
75537,7548,0.0753183852615
75825,7577,0.0753192031086
75858,7580,0.0753192039586
75887,7583,0.0753192043235
75898,7584,0.0753339218511
76035,7598,0.0753339220291
76072,7602,0.0753339220392
76121,7607,0.0753339220835
76186,7613,0.0753340325359
76236,7618,0.0753340344209
76256,7620,0.0753343590707
76306,7625,0.0753343590708
76381,7633,0.0753343596264
76383,7633,0.0753343604971
76416,7636,0.0753343604973
76661,7661,0.0753349477105
76675,7662,0.0753349487035
76682,7663,0.0753349487037
76708,7665,0.075335047977
76709,7665,0.0753350479772
76894,7684,0.0753351136468
77055,7700,0.0753351139656
77392,7734,0.0753351404065
77428,7737,0.0753351404603
77580,7753,0.0753435059437
77685,7763,0.0753435579271
77727,7767,0.0753435579296
77805,7775,0.0753436315921
77841,7779,0.0753436614374
78189,7813,0.0753436624641
78289,7823,0.075343662808
78325,7827,0.0753436628084
78348,7829,0.0753436628913
78537,7848,0.0753436641406
78582,7853,0.0753473700289
78752,7870,0.0753473701239
78804,7875,0.0753620310945
78874,7882,0.0753620428411
78922,7887,0.0753621072856
79066,7901,0.0753621076399
79101,7905,0.0753621083481
79137,7908,0.0753625371664
79196,7914,0.0753625376524
79241,7919,0.0753625879788
79289,7923,0.075362587982
79316,7926,0.0755028364733
79549,7949,0.0755028922743
79576,7952,0.0755028966379
79591,7954,0.0755029964745
79607,7955,0.0755029966392
79701,7965,0.075503066284
79714,7966,0.075503066331
79757,7970,0.0755030663324
79776,7972,0.0755030675963
79936,7988,0.0755030794785
79968,7991,0.0755030794951
80140,8009,0.0755040240534
80171,8012,0.0755040240642
80299,8024,0.0755040514909
80483,8043,0.0755041957856
80585,8053,0.0755041957867
80643,8059,0.0755041957867
80777,8072,0.075504195812
80830,8078,0.0755042327559
80888,8083,0.0755042331986
80985,8093,0.0755042331987
81022,8097,0.0755042332155
81071,8102,0.0756475190266
81077,8102,0.0756475784918
81288,8123,0.0756475903758
81366,8131,0.0756475918834
81497,8144,0.0756475932451
81512,8146,0.075647951258
81522,8147,0.0756483746626
81720,8167,0.0756564299175
81745,8169,0.075656430589
81784,8173,0.0756564390954
81901,8185,0.0756564403482
81982,8193,0.0756564494624
82017,8196,0.0756564494627
82092,8204,0.075657930321
82267,8221,0.0756579304751
82482,8243,0.0756579304989
82699,8264,0.0756586976979
82737,8268,0.0756586979567
82896,8284,0.0756587176485
82906,8285,0.0756587176486
82922,8287,0.0756587543237
83441,8339,0.0756589377325
83475,8342,0.0756589377417
83762,8371,0.0756589391477
83828,8377,0.075658939195
83891,8384,0.0756589392024
83906,8385,0.075658939245
84114,8406,0.0756589392577
84149,8409,0.0756619143895
84310,8426,0.0756619209726
84334,8428,0.0756619210083
84503,8445,0.0756620776008
84879,8482,0.0756620874348
84933,8488,0.0756620914081
85291,8524,0.0756620914082
85479,8542,0.0756666675919
85508,8545,0.0756674564404
85540,8549,0.0756674564454
85714,8566,0.0756675329262
86075,8602,0.0756675841029
86103,8605,0.0756815224072
86309,8625,0.0756815224245
86324,8627,0.0756815224245
86435,8638,0.075682273656
86472,8642,0.0756861697071
86641,8659,0.075686188582
86738,8668,0.0756862303433
86897,8684,0.0756862309721
86954,8690,0.075686232796
87027,8697,0.0756862328527
87254,8720,0.0756862423514
87313,8726,0.0756862478971
87437,8738,0.075686249121
87830,8778,0.0756862798526
87861,8781,0.0756862834136
88004,8795,0.0756862927698
88246,8819,0.0756862928605
88247,8819,0.0756862930393
88296,8824,0.0756862930817
88335,8828,0.0756862931036
88470,8842,0.0756987605323
88493,8844,0.0757051680799
88531,8848,0.0757121692177
88597,8854,0.0757131587643
88602,8855,0.0757131602203
88711,8866,0.0757131602208
88834,8878,0.0757131614411
88915,8886,0.0757131672328
88937,8888,0.075716336701
89029,8897,0.0757163374828
89131,8908,0.0757165367047
89393,8934,0.0757165367189
89483,8943,0.0757165367411
89520,8947,0.0757165716022
89531,8948,0.0757165716223
89577,8952,0.075716734699
89845,8979,0.0757167347037
90016,8996,0.0757167999218
90319,9026,0.0757168040965
90334,9028,0.0757168105256
90465,9041,0.0757168106141
90698,9064,0.0757168959627
90742,9069,0.0757168962257
90746,9069,0.0757170360119
91092,9104,0.0757170362953
91186,9113,0.0757170364931
91434,9138,0.0757170378674
91596,9154,0.0757170390993
91610,9156,0.0757170816396
91647,9159,0.0757170819931
91657,9160,0.0757170828466
91727,9167,0.075717093573
91826,9177,0.0757170935767
91906,9185,0.0757170936822
92147,9209,0.0757170936822
92424,9237,0.0757170939167
92558,9250,0.0757176789769
92636,9258,0.0757176803584
92734,9268,0.0757177051694
92787,9273,0.0757185951732
92804,9275,0.0757185957732
92813,9276,0.0757186166157
92936,9288,0.0757186445612
93003,9295,0.0757188475016
93100,9305,0.0757188475016
93272,9322,0.0757189196098
93361,9331,0.0757189196148
93386,9333,0.0757191329767
93523,9347,0.0757191819635
93756,9370,0.0757191846216
93778,9372,0.0757191857293
93882,9383,0.0757194461524
93903,9385,0.0757213821213
94021,9397,0.0757213821225
94150,9410,0.0757213822761
94266,9421,0.0757213842706
94398,9434,0.0757213843708
94574,9452,0.0757213847258
94640,9459,0.0757213888953
94713,9466,0.0757213889015
94911,9486,0.0757215118076
95092,9504,0.075721513029
95123,9507,0.0757215158871
95257,9520,0.0757215158945
95362,9531,0.0758635340203
95446,9539,0.0758635340935
95692,9564,0.0758635348058
95761,9571,0.0758635377719
95767,9571,0.0758635436885
95787,9573,0.0758635568659
95800,9575,0.0758635568681
95882,9583,0.0758635568752
95887,9583,0.0758635569026
95929,9587,0.0758635714749
95947,9589,0.0758635806368
95964,9591,0.0758635806368
95982,9593,0.0758635807767
95990,9594,0.0758670225923
96090,9604,0.0758670225923
96355,9630,0.0758670254264
96427,9637,0.0758670254276
96522,9647,0.0758670284132
96553,9650,0.07586702842
96658,9660,0.0758673625829
96937,9688,0.0758898626347
96994,9694,0.0758898759291
96996,9694,0.0758898829682
97046,9699,0.0758898953159
97076,9702,0.075889897303
97129,9707,0.0758898978469
97158,9710,0.0758930694207
97508,9745,0.0758931377265
97527,9747,0.0758932375243
97652,9760,0.0758932376015
97714,9766,0.0758932403691
97717,9766,0.0758932403871
97875,9782,0.0758933320456
97938,9788,0.0758933523023
97996,9794,0.0758933599214
98117,9806,0.0758952804665
98230,9818,0.0758954514766
98355,9830,0.075895454422
98569,9851,0.0758954585413
98673,9862,0.0758954585783
98879,9882,0.0760927694735
98999,9894,0.0760945357253
99329,9927,0.0760945361501
99445,9939,0.07609577692
99479,9942,0.0760958901753
99738,9968,0.0760960800922
99795,9974,0.0760960930092
99861,9981,0.0760960930443
99884,9983,0.0760968610366
99891,9984,0.0760982096974
100000,9995,0.0760982096974
